[
    {
        "identifier": "arcensoth.language-mcfunction",
        "version": "0.18.0",
        "enabled": true
    },
    {
        "identifier": "aroary.loremipsum",
        "version": "3.1.0",
        "enabled": true
    },
    {
        "identifier": "BracketPairColorDLW.bracket-pair-color-dlw",
        "version": "0.0.6",
        "enabled": false
    },
    {
        "identifier": "burkeholland.simple-react-snippets",
        "version": "1.2.7",
        "enabled": true
    },
    {
        "identifier": "developersoapbox.vscode-springboot-developer-pack",
        "version": "1.0.3",
        "enabled": true
    },
    {
        "identifier": "developersoapbox.vscode-springboot-snippets",
        "version": "1.2.0",
        "enabled": true
    },
    {
        "identifier": "DotJoshJohnson.xml",
        "version": "2.5.1",
        "enabled": true
    },
    {
        "identifier": "dsznajder.es7-react-js-snippets",
        "version": "4.4.3",
        "enabled": true
    },
    {
        "identifier": "dzhavat.bracket-pair-toggler",
        "version": "0.0.3",
        "enabled": true
    },
    {
        "identifier": "EQuimper.react-native-react-redux",
        "version": "2.0.6",
        "enabled": true
    },
    {
        "identifier": "formulahendry.auto-close-tag",
        "version": "0.5.15",
        "enabled": true
    },
    {
        "identifier": "guilhermestella.guilhermestella-java-ext",
        "version": "0.0.5",
        "enabled": true
    },
    {
        "identifier": "HuJohner.mc-datapack",
        "version": "0.0.5",
        "enabled": true
    },
    {
        "identifier": "juhahinkula.thymeleaf",
        "version": "1.0.6",
        "enabled": true
    },
    {
        "identifier": "Katsute.settings-repository",
        "version": "1.0.8",
        "enabled": true
    },
    {
        "identifier": "Kongkiat.thymeleaf-snippets",
        "version": "1.0.0",
        "enabled": true
    },
    {
        "identifier": "Levertion.mcfunction",
        "version": "0.0.4",
        "enabled": true
    },
    {
        "identifier": "Levertion.mcjson",
        "version": "0.4.1",
        "enabled": true
    },
    {
        "identifier": "LoneDev.ia-vscode",
        "version": "0.0.23",
        "enabled": true
    },
    {
        "identifier": "madhavd1.javadoc-tools",
        "version": "1.6.0",
        "enabled": true
    },
    {
        "identifier": "miguelsolorio.fluent-icons",
        "version": "0.0.18",
        "enabled": true
    },
    {
        "identifier": "MinecraftCommands.syntax-mcfunction",
        "version": "0.6.0",
        "enabled": true
    },
    {
        "identifier": "ms-azuretools.vscode-docker",
        "version": "1.29.0",
        "enabled": true
    },
    {
        "identifier": "ms-vscode-remote.remote-containers",
        "version": "0.348.0",
        "enabled": true
    },
    {
        "identifier": "ms-vscode-remote.remote-wsl",
        "version": "0.86.0",
        "enabled": true
    },
    {
        "identifier": "msjsdiag.vscode-react-native",
        "version": "1.12.3",
        "enabled": true
    },
    {
        "identifier": "naco-siren.gradle-language",
        "version": "0.2.3",
        "enabled": true
    },
    {
        "identifier": "NuclleaR.vscode-extension-auto-import",
        "version": "1.4.3",
        "enabled": true
    },
    {
        "identifier": "PKief.material-icon-theme",
        "version": "4.34.0",
        "enabled": true
    },
    {
        "identifier": "redhat.fabric8-analytics",
        "version": "0.9.2",
        "enabled": true
    },
    {
        "identifier": "redhat.java",
        "version": "1.28.1",
        "enabled": true
    },
    {
        "identifier": "redhat.vscode-xml",
        "version": "0.26.1",
        "enabled": true
    },
    {
        "identifier": "redhat.vscode-yaml",
        "version": "1.14.0",
        "enabled": true
    },
    {
        "identifier": "ritwickdey.LiveServer",
        "version": "5.7.9",
        "enabled": true
    },
    {
        "identifier": "rodrigovallades.es7-react-js-snippets",
        "version": "1.9.3",
        "enabled": true
    },
    {
        "identifier": "sandipchitale.vscode-springboot-dependency-versions",
        "version": "1.0.10",
        "enabled": true
    },
    {
        "identifier": "shengchen.vscode-checkstyle",
        "version": "1.4.2",
        "enabled": true
    },
    {
        "identifier": "sohibe.java-generate-setters-getters",
        "version": "8.0.0",
        "enabled": true
    },
    {
        "identifier": "SPGoding.datapack-language-server",
        "version": "3.4.19",
        "enabled": true
    },
    {
        "identifier": "steoates.autoimport",
        "version": "1.5.4",
        "enabled": true
    },
    {
        "identifier": "TGOSystems.togglebracketguides",
        "version": "0.1.6",
        "enabled": true
    },
    {
        "identifier": "thekalinga.bootstrap4-vscode",
        "version": "6.1.0",
        "enabled": true
    },
    {
        "identifier": "Tyriar.lorem-ipsum",
        "version": "1.3.1",
        "enabled": true
    },
    {
        "identifier": "usernamehw.errorlens",
        "version": "3.16.0",
        "enabled": true
    },
    {
        "identifier": "VisualStudioExptTeam.intellicode-api-usage-examples",
        "version": "0.2.8",
        "enabled": true
    },
    {
        "identifier": "VisualStudioExptTeam.vscodeintellicode",
        "version": "1.2.30",
        "enabled": true
    },
    {
        "identifier": "vmware.vscode-boot-dev-pack",
        "version": "0.2.1",
        "enabled": true
    },
    {
        "identifier": "vmware.vscode-spring-boot",
        "version": "1.52.0",
        "enabled": true
    },
    {
        "identifier": "vscjava.vscode-gradle",
        "version": "3.13.5",
        "enabled": true
    },
    {
        "identifier": "vscjava.vscode-java-debug",
        "version": "0.56.2",
        "enabled": true
    },
    {
        "identifier": "vscjava.vscode-java-dependency",
        "version": "0.23.5",
        "enabled": true
    },
    {
        "identifier": "vscjava.vscode-java-pack",
        "version": "0.25.15",
        "enabled": true
    },
    {
        "identifier": "vscjava.vscode-java-test",
        "version": "0.40.1",
        "enabled": true
    },
    {
        "identifier": "vscjava.vscode-maven",
        "version": "0.44.0",
        "enabled": true
    },
    {
        "identifier": "vscjava.vscode-spring-boot-dashboard",
        "version": "0.13.1",
        "enabled": true
    },
    {
        "identifier": "vscjava.vscode-spring-initializr",
        "version": "0.11.2",
        "enabled": true
    },
    {
        "identifier": "xTeal.mcmeta",
        "version": "0.0.1",
        "enabled": true
    },
    {
        "identifier": "zhang-renyang.vscode-react",
        "version": "0.0.5",
        "enabled": true
    }
]